ID,TITLE,LOCATION,SALARY,SUMMARY
https://kr.indeed.com/viewjob?jk=ad072f017c286d42,데이터 엔지니어,서울,,"에서의 데이터 파이프라인 구축 및 운영 경험 GA, Tableau 등 외부 분석/시각화 도구에 대한 지식 Python, Java, Scala 중 하나 이상을 이용한 개발 경험 추가 정보 지원 서류 안내 제출서류 : 이력..."
https://kr.indeed.com/viewjob?jk=c5a2d1029018e4ba,Expat: Experimental Physicist Tuning an Monitoring,경기도 화성,,Experience in using office programs and Unix (Linux) Python and Jira experience is preferred. Deliberate and organized work...
https://kr.indeed.com/viewjob?jk=29a290a73fa91cd8,한밭대학교 HRD센터 빅데이터 관련 취업연계 교육생,대전 유성구,,통신·모바일·게임>빅데이터·AI(인공지능)>데이터분석|인터넷·IT·통신·모바일·게임>빅데이터·AI(인공지능)> Python|인터넷·IT·통신·모바일·게임>빅데이터·AI(인공지능)>머신러닝|인터넷·IT·통신·모바일·게임>빅데이터...
https://kr.indeed.com/viewjob?jk=d2ec77080face34b,딥러닝 영상처리 소프트웨어 개발자,강원도 춘천,,"이해 - C++ , Python 프로그래밍 가능 - Competition... 요건]- 컴퓨터비전 및 딥러닝 이론에 대한 전반적인 이해- C++ , Python 프로그래밍 가능경력사항: 신입, 경력(연차무관)학력사항: 대학교(4..."
https://kr.indeed.com/viewjob?jk=5e7dc1196f13b938,"NAVER, LINE 서비스 플랫폼 운영",성남 삼평동,,"유하신 분 - 프로그래밍 언어( python, java, c언어 등) 초급... System, WEB/WAS, DB운영 경험 - 프로그래밍 언어( python, java, c언어 등) 중급 이상 - 국가보훈대상자 및 장애인은..."
https://kr.indeed.com/viewjob?jk=feb01534780035d3,야구 AI 기술 연구자 모집,성남 판교역,,행한 프로젝트 포함 ) 2. 야구에 대한 관심 및 열정 3. 기술탐색 및 문제해결능력 보유 우대사항 1. Python 개발역량 보유 2. 다양한 DB로 부터의 데이터 핸들링 경험 3. AI기술 실제 서비스 적용 경험( 기획...
https://kr.indeed.com/viewjob?jk=a1d687cd59776360,머신러닝 개발,성남 분당구,,모델 개발 - 머신러닝을 위한 솔루션 프로토타이핑 - 머신러닝 파이프라인 설계 및 구축 지원자격 - Python에 숙련된 프로그래밍 능력과 머신러닝 라이브러리 활용 경험 - 머신러닝과 강화학습에 관련된 지식 습득 혹은...
https://kr.indeed.com/viewjob?jk=2b7c67c7f1fe78ff,PI&CS Engineer (Process Information & Control Solutions),전라남도,,"manufacturing applications Experience in language like C#, Python, Java, Java Script(one or more) Be fond of learning..."
https://kr.indeed.com/viewjob?jk=aeba9f1a30829f1d,new2021년 상반기 정보보안 엔지니어 - 취약점파트,서울 금천구,"연봉 30,000,000원 - 60,000,000원","Top 10에 대한 설명과 구현/조치 가능 - 국내 컴플라이언스 대응 경험(주요정보통신기반시설 가이드 등) - Python 활용자 - Kali 및 Metasploit 경험자 - 군필자, 경력자, 관련 학과 졸업자 우대 인터넷..."
https://kr.indeed.com/viewjob?jk=6afaaaedd684f701,Software Engineers (AvionX),서울,,"more than 1+ software languages (e.g. C, C++, C#, Java, Python, Java script, model based engineering and so on) Proper..."
https://kr.indeed.com/viewjob?jk=115c46e0d1df11d8,[개발자] 모비데이즈 프론트엔드 개발자 경력직 채용,서울특별시,,"험이 있으신 분 -활용 가능한 서버사이드 언어가 1개 이상 있는 분(Ruby, Java, Node.js, Python 등) -웹/모바일 광고 업계의 유사 업종 근무 경력 보유자 -플랫폼 또는 B2B 서비스 개발 프로젝트 참여..."
https://kr.indeed.com/viewjob?jk=18b288e9021d899f,NAVER IDC 서버 운영/관리,춘천 동면,,"Web, WAS에 대한 지식과 System application 운영 경험 - Shell script, python 활용 가능 - 해외 데이터센터 인프라 구축 또는 운영 경험 - 국가보훈대상자 및 장애인은 법령에 의거 우대..."
https://kr.indeed.com/viewjob?jk=2cfd15907402c5cc,DGIST 제2차 계약직 연구원 채용공고,대구 현풍면,,천원 이내 수행 내용 Machine learning (Deep learning) 알고리즘 개발 Python/Tensorflow 프로그래밍 Matlab/simulink 모의실험 자율주행 자동차 혹은 전문 서비...
https://kr.indeed.com/viewjob?jk=0d8a4cdd8996172e,ADS Performance ML Engineer,대한민국,,"C++, Java, Scala 중 2개 이상의 개발 언어에 능숙하신 분 위 언어중 1개에 익숙하고 R 또는 Python 기반으로 분석에 능숙하신 분 아래 요건 중 최소 한 가지 해당 대용량 트래픽 서버를 개발 및 운영한..."
https://kr.indeed.com/viewjob?jk=8becbf73bbda7c96,2019 Military Service Exemption Position Available at the IB...,울산 언양읍,,"least one programming language... Fortran, C/C++, Python, …; Experience... managing high performance computational..."
https://kr.indeed.com/viewjob?jk=539eade7c574f3a3,2021년 8월 경력사원 (ML/SW 엔지니어),과천 과천시,,"중급 이상의 코딩 스킬 (필수: Python, 선택: Matlab) 우대사... 처리 및 모델 학습 개발 경험 - 중급 이상의 코딩 스킬 (필수: Python, 선택: Matlab) - ML/DL 모델 상용화 경험(Cloud..."
https://kr.indeed.com/viewjob?jk=662beff5f293820b,AR/VR SDK 개발자 모집,성남 판교역,,"iOS 및 PC/Web 플랫폼향 API 개발 (C++, Java/Kotlin, ObjC/Swift, Python, Javascript) 멀티플랫폼 패키징 및 배포시스템 개발, 유지보수 모바일 최적화 및 플랫폼 이슈 대응..."
https://kr.indeed.com/viewjob?jk=7df915e1f0f86b2d,Software Architecture 설계 엔지니어,성남 분당구,"연봉 40,000,000원 - 100,000,000원",경험 - Windows/Linux 상에서 C++/ Python 언어 사용 개발 경험 - C++ / Python 언어 사용 개발 경험 - 객체지향 설계에... 게임>빅데이터·AI(인공지능)> Python|인터넷·IT·통신·모바일·게임...
https://kr.indeed.com/viewjob?jk=d17da0baecf05910,데이터 분야 경력,서울,,"해가 뛰어난 자 - R, Python, SAS, SQL 등 활용 역량 우대사항(해당 내용 중 1개 이상) - ML/DL 경험 인력 우대 - 관련 분야 석사 이상 학위 소지자 우대 - R, Python등 데이터분석 모델링 경험..."
https://kr.indeed.com/viewjob?jk=01bd5372e531d949,"Sales - Sales Operations Specialist, Seoul, Korea",서울,,"software, including... limited to Excel, PPT, Word, SQL, Python, Tableau, etc. Demonstrated ability to define, refine..."
https://kr.indeed.com/viewjob?jk=fc09bd46b913c048,시스템 엔지니어링,성남 판교역,,"운영 경험 보유 - 쉘 스크립트 또는 프로그래밍 개발 스킬 보유 * Bash, PowerShell, Python, JAVA, etc * 운영 자동화/효율화 경험 보유 - 대용량 트래픽 처리를 위한 인프라 설계와 구축..."
https://kr.indeed.com/viewjob?jk=991aef65d67b44f4,"Scripting and Automation (Python, Tcl, Perl 등) 시스템반도체 회로개발 2...",경기도 수원,,"4대보험가입, 경조사비, 점심식사(비) 제공 • 참고사항 - Scripting and Automation ( Python, Tcl, Perl 등) 사용 가능자 우대 - 회로 설계툴 (EDA - Virtuoso/HSPICE..."
https://kr.indeed.com/viewjob?jk=031eec3794f09645,데이터 서비스/플랫폼 개발,성남 판교역,,"데이터 수집, 처리 및 지표 분석 경험 - 데이터 기반의 문제해결 역량 및 논리적 사고 - Java, Python, Scala 중 최소 1가지 언어를 이용한 데이터 분석 및 소프트웨어 개발 역량 - 통계분석, ML/AI..."
https://kr.indeed.com/viewjob?jk=163677ce1b9755e5,new경력직 채용_리스크관리팀,서울,,"험자 - 경제/재무 관련 지식(금융시장, 투자론, 각종 지표 등) 필요 - 엑셀, Bloomberg, SQL, Python 등 프로그래밍 역량 우대 3. 자격사항: 투자자산운용사, CFA, FRM (우대) 전형 절차 서류전형..."
https://kr.indeed.com/viewjob?jk=a4b72e38fb50bde0,콘텐츠서비스개발- 데이터엔지니어,성남 분당구,,"ecosystem 에 대한 이해 - Python, Scala 등의 프로그... 경험이나 운영 경험 - 소프트웨어 빌드 및 배포 자동화 경험 - Python 또는 NodeJS를 활용한 시스템 개발 경험 - 프론트엔드 및 웹..."
https://kr.indeed.com/viewjob?jk=aa13332a8009c705,Application Engineer Korea,경기도 화성,,"You are committing to support the team in challenging situations. Python, Office solutions and Linux experience is beneficial..."
https://kr.indeed.com/viewjob?jk=1e84bec6d7c18d06,[AI R&D] 플랫폼 개발 엔지니어 모집,성남 판교역,,"조사하고 활용을 위한 기술 연구 및 도입 지원자격 학력 : 학사 이상 경력기간 : 3년 ~ 필수조건 - Python, Java 등 하나 이상의 프로그래밍 언어에 대한 이해 및 개발 경력을 가지신 분 - 프로그램 설계, 디버..."
https://kr.indeed.com/viewjob?jk=5f0305e28582b2c9,Expat: Experimental Physicist / Engineer for Electron Optics...,경기도 화성,,Experience in using office programs and Unix (Linux) Python and Jira experience is preferred. Deliberate and organized work...
https://kr.indeed.com/viewjob?jk=56add096e14a7879,AI 연구 및 개발 직군 모집,서울 구로구,,"위한 엔지니어링 - 서비스 개발을 위한 클라우드/ Rest-API / 웹서비스 구축 등 자격요건 - Python에 능숙하고 C/C++ , C#등 언어에 대한 활용능력 - 딥러닝 프레임워크 사용 가능 (Pytorch 혹은..."
https://kr.indeed.com/viewjob?jk=db62f331e301ca84,new백엔드/풀스택/서버 개발자 신입/경력직,성남 수정구,,력사항: 학력무관풀스택 개발자 / 1명 / 언어: Java / C# / Python서버 개발자 / 1명 / 언어: Java / PHP 0 명 근무조건... 용프로그래머>C#|인터넷·IT·통신·모바일·게임>응용프로그래머> Python
https://kr.indeed.com/viewjob?jk=ccd4f5407a32ba6a,Data Scientist,서울,,"analysis a plus, Programming... scripting exp.: eg. Python, C#, VBA, Java, Perl, etc. Experience in applied analytics..."
https://kr.indeed.com/viewjob?jk=60897e7668c2f24c,LINE Desktop Client 개발,대한민국,,발부터 배포까지 다양한 경험을 쌓으신 분 FFmpeg 소스 구조를 이해하고 능숙하게 이용할 줄 아시는 분 Python 스크립트를 능숙하게 다룰 줄 아시는 분 근무지 서현역 분당스퀘어 (※ 본 포지션은 협의에 따라 Remote...
https://kr.indeed.com/viewjob?jk=dc74730c92ce5050,Data Scientist,서울 영등포구,,"기반 예측, 모델링 프로젝트 경험자 데이터 분석/모델링을 위한 언어 및 프레임워크 사용에 익숙하신 분 ( Python, R, SQL, Pandas, TensorFlow, Pytorch, Spark 등) 회사 내부 구성원들과..."
https://kr.indeed.com/viewjob?jk=ca72d55c83d73c79,new[국내 최고회사] Front-End 개발자,성남 분당구,,프론트엔드|인터넷·IT·통신·모바일·게임>웹프로그래머>웹개발|인터넷·IT·통신·모바일·게임>웹프로그래머> Python|인터넷·IT·통신·모바일·게임>웹기획·웹마케팅·PM>웹서비스기획|인터넷·IT·통신·모바일·게임>웹기획·웹마케...
https://kr.indeed.com/viewjob?jk=7420bd6ad89ff63a,미국 법인 보안 담당자,성남 판교역,,진행 가능하신 분 - 해외 근무에 결격 사유가 없는 분 - 악성코드 동적/정적 분석 능력 보유 - Python 등 스크립트 개발을 통한 업무 효율화 경험 - Elastic Stack에 대한 이해와 운영 경험 - 클라...
https://kr.indeed.com/viewjob?jk=bea34fbb2f401c90,Machine Learning Engineer (LINE TIMELINE),대한민국,,"사용자 임베딩을 생성하여 추천에 활용합니다. Jupyter 환경에서 Python, Spark, Pyspark 등을 활용하여 데이터 분석하고 모델링... 대용량 데이터 처리 프레임워크와 Python, SQL 등의 언어를 능숙하게..."
https://kr.indeed.com/viewjob?jk=99b17cdf7773a816,newMachine Learning Engineer - Korea,서울,,"Fluent with one or more programming languages including Python, Java, and Golang. Knowledgeable with production-level machine..."
https://kr.indeed.com/viewjob?jk=c537f18f1ac14ff4,new[TmaxCloud/기술] QA 담당자,성남 분당구,,"사고자 - 클라우드 서비스에 대한 이해도 보유자 ProLinux QA 담당자 - 신입/경력 무관 - Python 사용 경험자 - 리눅스 및 유닉스 서버에 대한 지식 보유자 - 클라우드, VM, 컨테이너 기술에 대한 이해도..."
https://kr.indeed.com/viewjob?jk=acbfdde7a35b4b94,AI/Big Data (실장급) 국내 대기업,경기도,,"통계학 관련 분야 석사 이상 취득자 (박사 학위 우대) - 데이터 모델링 및 분석 역량 - 통계 지식(R, Python,C#등 프로그램 활용 가능자 우대) - 알고리즘 설계 역량 - AI/Big Data 분야 컨설팅 역량..."
https://kr.indeed.com/viewjob?jk=6aebabcddef7f514,Field Application Engineer,경기도 용인,,"troubleshooting. Preferably to have coding capability (Matlab, Python...etc... data analysis, visualization, and algorithm..."
https://kr.indeed.com/viewjob?jk=757185c374f89fba,newAI/빅데이터 분야 신입 및 경력사원(석/박사),서울 마곡역,,"기술 연구 및 자사 적용 사례 탐색 필수자격 : AI 모델 및 Application 개발에 능숙하신 분 ( Python, C++, Pycharm 등) 우대자격 1) End to End AI 모델 개발 및 Application..."
https://kr.indeed.com/viewjob?jk=ff061212e845c5a4,LINE Messaging Server 개발,대한민국,,"Abusing을 대처하는 AI 및 데이터 분석 플랫폼도 담당하고 있습니다. Java, C, Erlang , Python 등 업무에 성격에 맞는 언어들이 활용되고 Redis, HBase, Mysql 등의 스토리지 기술로 내부의..."
https://kr.indeed.com/viewjob?jk=7dbaa95d22eacd29,"웹개발, 백엔드 외 경력 정규직",울산 남구,"연봉 40,000,000원 - 50,000,000원","경력(4년 이상 ) 학력사항: 대학교(4년)졸업 이상 직무기술: 웹프로그래밍, 응용프로그램개발, JAVA, PYTHON 기타: ㆍ다양한 업무를 신속하게 이해하고 도식화 할 수 있는 분 ㆍ고객의 소리를 듣는 귀가 지혜 있는..."
https://kr.indeed.com/viewjob?jk=a2b38b230474e622,카카오 전사 QA 모집,성남 판교역,,"협업도구 (JIRA, Github 등)에 대한 경험이 있으신 분 테스트자동화 설계경험자 혹은 스크립트 언어( python, java, javascript 등) 가능자 긍정적인 마인드와 유연한 커뮤니케이션 능력 보유 능동적이고..."
https://kr.indeed.com/viewjob?jk=d13fce11058e6cf1,보안 모니터링 시스템 개발 및 운영 담당자 모집,성남 판교역,,"이터 분석을 위한 SIEM/ETL 플랫폼 개발/운영 지원자격 기본사항 경력 3년 이상 Java, Python 등의 언어로 개발 가능자 기본적인 웹 개발 및 Back-End 개발 가능자 DBMS 혹은 빅데이터(NoSQL..."
https://kr.indeed.com/viewjob?jk=5fc53d8ce25c05f7,IT 개발 총 책임자,서울 성동구,"연봉 90,000,000원 - 100,000,000원",스템접수양식: 인크루트 이력서 기타 유의사항 입사지원서 및 제출서류에 허위사실이 있을 경우 채용이 취소될 수 있습니다. 인터넷·IT·통신·모바일·게임>웹프로그래머>웹개발|인터넷·IT·통신·모바일·게임>웹프로그래머> Python
https://kr.indeed.com/viewjob?jk=e0e37aaebc73dde3,지표구축,경기도 성남,,"대시보드 플랫폼의 활용이 가능하신분 - 새로운 서비스 출시후 모니터링이나 트랜드 확인이 가능하도록 설계나 지원이 가능하신분 - SQL,Excel,R, Python 등을 이용하여 데이터 추출 또는 분석이 가능하신 분"
https://kr.indeed.com/viewjob?jk=96bb239ebd9b6508,newDigital Analytics Specialist,서울,,"CSS/JavaScript, other front end languages ( Python, NodeJS, PHP, etc... ability... íŠ¸ ì—”ë“œ ì–¸ì–´ ( Python, NodeJS, PHP ë..."
https://kr.indeed.com/viewjob?jk=20abdd225641e77a,"Software QA Infotainment Test Engineer, Bundang, Gyeonggi, K...",경기도 성남,,"one or more scripting languages... Perl, Ruby, Python, or Bash Passionate about troubleshooting failures to determine..."
https://kr.indeed.com/viewjob?jk=466547f7a5577282,자유롭게 소통하며 함께 일할 IT/SW 개발팀 정규직,경상북도 경산,,"AWS, 네이버 클라우드 등)을 활용한 설계, 개발, 운용 경험 - Python을 이용한 데이터 처리 및 AI 개발 경험 - OpenCV를 이용한... 용한 설계, 개발, 운용 경험- Python을 이용한 데이터 처리 및 AI..."
https://kr.indeed.com/viewjob?jk=abbb8df34c660e0a,"빅데이터, (AI)인공지능 외 신입/경력 인턴 (정규직전환)",서울 금천구,,인공지능)>인공지능(AI)|인터넷·IT·통신·모바일·게임>빅데이터·AI(인공지능)>데이터분석|인터넷·IT·통신·모바일·게임>빅데이터·AI(인공지능)> Python|인터넷·IT·통신·모바일·게임>빅데이터·AI(인공지능)>딥러닝
https://kr.indeed.com/viewjob?jk=a98eb9cf76d8f726,"웹프로그래머/Python/SQL DB/WebRTC/CSS,PHP etc 신입/경력 정규직",수원 영통구,,"연구빅데이터분석 및 AI개발 Python , WebRTC 프로그램개발현장... 및 AI개발, Python / WebRTC프로그램개발[우대사항]전공계열: 공학계열자격증: Python, Python 교육이수자, 빅데이터, 스마트공장..."
https://kr.indeed.com/viewjob?jk=269f9a96319ef19a,머신러닝 엔지니어 모집,성남 판교역,,"델의 성능 검증 및 지속 개선 대규모 로그 데이터 통계 분석을 통한 피쳐 추출 지원자격 #필수사항 Python, Java, C++ 등 언어 중 하나 이상 활용 가능하신 분 TensorFlow/Keras, PyTorch..."
https://kr.indeed.com/viewjob?jk=37ab2b49ecc83a00,[대기업 물류회사] 물류연구소 빅데이터 분석 (대리~과장급),서울 중구,,통신·모바일·게임>빅데이터·AI(인공지능)>데이터분석|인터넷·IT·통신·모바일·게임>빅데이터·AI(인공지능)> Python|인터넷·IT·통신·모바일·게임>빅데이터·AI(인공지능)>R|인터넷·IT·통신·모바일·게임>빅데이터·AI...
https://kr.indeed.com/viewjob?jk=217f05d2e48e9c7c,[전액무료·수당지원] 각 분야별 국비지원 교육생,서울 관악구,,응용프로그래머>JAVA|인터넷·IT·통신·모바일·게임>응용프로그래머> Python|인터넷·IT·통신·모바일·게임>응용프로그래머>머신러닝(ML)|인터넷... 게임>빅데이터·AI(인공지능)> Python|인터넷·IT·통신·모바일·게임...
https://kr.indeed.com/viewjob?jk=d8a8869ab092f731,데이터 엔지니어 및 사이언티스트,성남 판교역,,"등 데이터 엔지니어와 사이언티스트의 업무를 경계 없이 수행하게 됩니다. 지원자격 개발 경력 3년 이상 Python, Scala, Java, C++ 중 하나 이상의 언어에 능통 SQL 또는 HiveQL에 능통 대용량 데이..."
https://kr.indeed.com/viewjob?jk=75099f94d12ac42f,Security Incident Response Engineer,대한민국,,"대책의 검토, 설계, 구축, 운영 및 개선(Security Platform DevSecOps) - Python 등을 활용한 보안 소프트웨어의 개발 경험 우대사항 다양한 인프라 환경에 대한 경험이 있으신 분 - Public..."
https://kr.indeed.com/viewjob?jk=7bf179a290a157b2,경험최적화파트 - 머신러닝 엔지니어,성남 분당구,,모델 개발 - 머신러닝을 위한 솔루션 프로토타이핑 - 머신러닝 파이프라인 설계 및 구축 지원자격 - Python에 숙련된 프로그래밍 능력과 머신러닝 라이브러리 활용 경험 - 머신러닝과 강화학습에 관련된 지식 습득 혹은...
https://kr.indeed.com/viewjob?jk=ff5b5fcb175a0edd,Vision AI Engineer,대한민국,,"좋아하고 팀원들과 소통하며 함께 성장하는 것을 추구하시는 분 다음 중 하나 이상의 언어에 능숙하신 분 ( Python/C, C++/Java/Object C/Swift/Kotlin) 우대사항 석사 또는 박사 학위를 보유하신 분..."
https://kr.indeed.com/viewjob?jk=76ef0d2df960b0f6,"newStudent Training in Engineering Program, 2021, People with D...",서울,,"Science or a related field. Programming experience in Java, Python, C... C++. Available... 12 week internship from..."
https://kr.indeed.com/viewjob?jk=c39d18040425ef53,PostgreSQL 운영 및 데이터베이스 관리자 모집,성남 판교역,,"청하고 잘 이해하는 분 Database 운영 유경험자 ( PostgreSQL 운영 경험이 있으신 분 우대) python, go, bash 등 개발 경험이 있는 분 우대 클라우드 환경의 DB시스템 구축 및 운영 경험이 있는 분..."
https://kr.indeed.com/viewjob?jk=a1a89406f38aabeb,Social Media Data Analyst,대한민국,,경력이 있으신 분 주체적으로 도메인 업무를 분석하여 정리하는 데 익숙하신 분 데이터 분석 및 추출을 위한 Python 언어를 사용할 수 있으신 분 긍정적으로 다른 분야의 팀과 작업 및 협업할 수 있으신 분 관계형 DB의 사용...
https://kr.indeed.com/viewjob?jk=56523d2ce6f8d860,NHN Cloud 인프라 서비스 개발,성남 판교역,,우대사항 - NHN Cloud에서 제공하는 다양한 인프라 서비스 개발 - C/C++ 또는 Java/ Python 개발 경력 5년 이상 - Linux 환경 개발자 - Openstack 개발 경험 - Container...
https://kr.indeed.com/viewjob?jk=7e58459c7d1aa774,퀀트운용팀 (대리-차장급),대한민국,,"정량적 분석 역량 (3) 우대사항 - 자산운용사 운용업무 유경험자 우대 - 프로그래밍 가능 인력(SQL, Python)우대 3. 전형방법 - 서류전형(서류전형 합격자에 한하여 개별통보) 면접전형 4. 제출서류 - 첨부의..."
https://kr.indeed.com/viewjob?jk=71c47ac87bb4087e,기술 인턴 인공지능 응용 연구/개발 인턴,서울 관악구,,"6개월) (협의) *모집 절차: 서류 à인터뷰(오프라인) *지원 자격: 프로그래밍 언어 활용 능력: Python, C, C++ 중 1가지 이상 데이터구조, 알고리즘 과목 이수 머신러닝과 딥러닝의 기본 개념 이해 머신러닝..."
https://kr.indeed.com/viewjob?jk=a7eec8d4e8eb8574,CS Field Application Engineer,대한민국,,"이상 반도체 및 High-tech 분야의 경력자 (관련학과 석사 이상 학위 보유) Personal skills 분석적 사고를 바탕으로한 문제해결 능력 기술적 분석을 위한 script 활용 능력(Matlab, Python 등)"
https://kr.indeed.com/viewjob?jk=069278d922cccae3,로봇 플랫폼 개발자,서울 서초구,,Architecture 연구 개발 2. 경력 및 경험 - ROS1/2 기반 로봇 SW 개발 유경험자 - C/C++/ Python 중급 이상 - 임베디드 시스템 기반 SW 개발 유경험자 3. 우대사항 - 로봇 실무 경험자 우대...
https://kr.indeed.com/viewjob?jk=14d562d10c215572,"PHP, Python 신입/경력 정규직",서울 금천구,,"주식회사 비즈부스터 PHP, Python 개발자 채용 모집부문 및 자격요건 담당업무 자격요건 인원 [담당업무]*당사의 서비스(비즈탑) 솔루션 및 서비... 프로그래머>PHP |인터넷·IT·통신·모바일·게임>웹프로그래머> Python"
https://kr.indeed.com/viewjob?jk=bfaeba8c0f81b11c,Threat Hunter Team Lead,대한민국,,"programming and scripting, e.g. Java, .NET Programming, Python & PERL scripting, etc. Possession of excellent presentation..."
https://kr.indeed.com/viewjob?jk=e4e7e2e0d73f981f,Data Scientist,경기도 평택,,"Tools, and Techniques Demonstrated proficiency with R or Python, and SQL to manipulate data and draw insights from large..."
https://kr.indeed.com/viewjob?jk=6143a95778cb0259,newDeep Learning Researcher (신입/경력/전문연구요원),서울,,"network 등) Deep Learning 방법론에 대한 데모 프로그램 제작 및 제품화 코드 작성( Python / C++) 다양한 종류의 제조업 이미지 데이터에 대한 탐색, 분석 및 전처리 모듈 구현 최신 Deep..."
https://kr.indeed.com/viewjob?jk=eaee1538d8cc832f,메시지발송 플랫폼 개발자,성남 분당구,,"개발 가능하면서 python 개발 경험 소유자(또는 Python 개발 가능... NET 또는 python 개발 경력 5년이상 - 자동화를 위한 스크립트(powershell, bash, python 등) 경험 - Windows..."
https://kr.indeed.com/viewjob?jk=750c98eeab414ede,Senior DBA – BI (Korea),대한민국,,"CSV Experience with other technologies... Java, Python, .NET, Node.js, and Oracle APEX. Skill requirement: Ability..."
https://kr.indeed.com/viewjob?jk=918468d6e12a17e8,네트워크 엔지니어링,성남 판교역,,"관리 도구 개발/운영 - 관련학과 졸업 후, 경력 3년 이상 - 리눅스 환경 개발 경력 2년 이상 - Python, Django, Javascript 관련 개발 경험 - CCNA 또는 JNCIA 이상의 자격증 보유..."
https://kr.indeed.com/viewjob?jk=7fdcd7a7457b1e93,데이터 분석,경기도 성남,,"의 서비스 이용/소비형태/이상현상과 트렌드 변화가 궁금하신 분 - B2C서비스 데이터 분석 직군에서 데이터 핸들링 경험이 있으신 분 - SQL,Excel,R, Python 등을 이용하여 데이터 추출 또는 분석이 가능하신 분"
https://kr.indeed.com/viewjob?jk=e8a4630bec0783e8,2021 Market Data Analyst - Seoul,서울,,"work experience using one more programming language... Python, SQL and R Fluency in Korean and English (both spoken..."
https://kr.indeed.com/viewjob?jk=6d884233e3297751,"Sr Solutions Architect, Industrial",대한민국,,"passion for getting hands dirty with code/scripting (e.g., Java, Python, C# / .NET, Node.js). Amazon is an Equal Opportunity..."
https://kr.indeed.com/viewjob?jk=68a69dd27ac61230,(데이터개발) 데이터 엔지니어,성남 분당구,,"끊임없이 흐르는 데이터를 모니터링하고 오류를 감지하는 시스템을 구축 지원자격 - Linux 환경에서 Python, Scala, Java, Go 중 한 가지 이상의 언어로 개발이 가능하신 분 - 자료구조, 알고리즘, 데이터..."
https://kr.indeed.com/viewjob?jk=2fa81524fa3fb180,new데이터 플랫폼 엔지니어,서울 강남구,,통신·모바일·게임>통신·모바일>플랫폼(VM)|인터넷·IT·통신·모바일·게임>웹프로그래머> Python|인터넷·IT·통신·모바일·게임>응용프로그래머> Python|인터넷·IT·통신·모바일·게임>ERP·시스템분석·설계>시스템엔지니어
https://kr.indeed.com/viewjob?jk=f2be917c394cbe91,(주)코인플러그 서버 개발자,성남 분당구,,"능숙한 자ㆍ블록체인 기술에 관심이 많은 자[우대사항] ㆍgoLang, python, Java, kotlin, node.js 중 한가지 언어 이상 개발... 템분석·설계>AWS|인터넷·IT·통신·모바일·게임>웹프로그래머> Python"
https://kr.indeed.com/viewjob?jk=34f22fafb415ec3c,Data Analyst,서울 영등포구,,"가지신 분 Business Intelligence 시스템 및 비즈니스 리포팅 툴의 활용 능력 프로그래밍 언어( Python/R, etc)를 활용하여 데이터 분석이 가능하신 분 더 나은 데이터 기반 서비스를 만들기 위해 동료들과..."
https://kr.indeed.com/viewjob?jk=864be0963e8989bd,"소프트웨어, Python 경력 정규직",서울 강남구,,자유롭게 연락을 주시면 더 자세한 정보를 드리도록 하겠습니다. Job description은 인터넷·IT·통신·모바일·게임>소프트웨어·하드웨어>소프트웨어|인터넷·IT·통신·모바일·게임>빅데이터·AI(인공지능)> Python
https://kr.indeed.com/viewjob?jk=65bfb9f2211498ec,[신규 프로젝트][TL] MMORPG 클라이언트 프로그래머 모집,성남 판교역,,"텐츠 개발 경험 우대사항 - Unreal Engine 에 대한 이해 - 블루프린트, UMG 에 대한 이해 - Python, Design Pattern, 게임 수학 제출서류 포트폴리오(선택사항) 전형단계 서류전형 1차 면접..."
https://kr.indeed.com/viewjob?jk=89f3e10d77a126bf,Field Service Engineer,경기도 용인,,"troubleshooting. Preferably to have coding capability (Matlab, Python...etc... data analysis, visualization, and algorithm..."
https://kr.indeed.com/viewjob?jk=39cca33ed366d0aa,ADS Data Analyst,대한민국,,"준하는 경력이 있으신 분 Hadoop 환경에 대한 이해를 기반으로 Hive SQL 사용이 능숙하신 분 R, Python을 모두 사용하여 통계 분석 및 예측 모델링이 가능하신 분 논리적 추론과 해석 및 분석 항목 도출을 통한..."
https://kr.indeed.com/viewjob?jk=866808b00a37ce57,백엔드 개발자 중견 바이오 연구소,서울특별시,,"직무개요 플랫폼 백엔드 개발 소속: 플랫폼팀 ※ 자격조건 경력 : 5년 이상 관련 기술 : - Python, java(spring) 관련 개발 경험 - Django, Flask 프레임워크 경험 - RestfulAPI 설계..."
https://kr.indeed.com/viewjob?jk=df21e3bb5d773616,Python Programmer,서울 서초구,,개발 – JAVA 프로그래밍(라이브러리 활용) – Spring 프레임 워크 개발 – Python API 프로그래밍 우대사항 – Python 개발 경험 – Open Source 라이브러리 개발경험 – Web 표준에 대한 경험...
https://kr.indeed.com/viewjob?jk=e99d30a8f6947b41,모니터링 솔루션 개발자 모집,성남 판교역,,개발/운영 2년 이상 서버 개발자 Java/Spring 기반 웹 서비스 개발 경력 2년 이상 서버 개발자 Python 기반 백엔드 시스템 또는 라이브러리 개발 프로젝트 실무 3년 이상 서버 개발자 ✔︎ 우대조건 다양한...
https://kr.indeed.com/viewjob?jk=3208b77b12fcc510,Korean Computational Linguist - AI (Natural Language Reasoni...,서울,,"relation frameworks * Experience in programming in Perl, Python, or another scripting language * Experience in using grammar..."
https://kr.indeed.com/viewjob?jk=0c819d33c251ab66,new웹 개발자,고양 일산동구,"연봉 24,000,000원 - 42,000,000원","Browsing - 프레임워크 개발 경험 - DB - Server* Back-end 개발자 - Java, php, python 등 - Linux - REST API 활용 경험자 - CDN 연동 - DB - Server [근무..."
https://kr.indeed.com/viewjob?jk=b66e8ebedaabf145,AI 개발자 헬스케이 플랫폼 기업,서울특별시,,"경력 5년 이상 - AI, 데이터사이언스 실무 경력 2년 이상 - Linux 환경에 능숙 - 높은 수준의 Python 구현 능력 - AI 관련 포트폴리오, 논문 혹은 경험 URL 제출 필수 ※ 우대사항 - AI, 통계학..."
https://kr.indeed.com/viewjob?jk=23123663f1b4172f,급구/사물인터넷(IoT)개발자 - 신입 가능,경기도 파주,,통신·모바일·게임>시스템프로그래머>임베디드(Embedded)|인터넷·IT·통신·모바일·게임>응용프로그래머> Python|인터넷·IT·통신·모바일·게임>응용프로그래머>JAVA|인터넷·IT·통신·모바일·게임>응용프로그래머>자바스크...
https://kr.indeed.com/viewjob?jk=ca77c79cabfe951f,[TmaxAI R&D] NLP(자연어음성) 부문 개발 신입 및 경력,성남 분당구,,"Spring / MySQL, Oracle, Tibero 등의 DB 개발 경험) - 음성/자연어처리 AI ( python) 우대사항 [프론트] - UX 기획 및 개발 유경험자 - react 개발 유경험자 - Git 및 형상관리..."
https://kr.indeed.com/viewjob?jk=6ede042ebe53ba49,RTL 기반 HW IP 설계 엔지니어 (딥러닝 하드웨어 프로세서 개발),성남 분당구,"연봉 40,000,000원 - 100,000,000원","모델의 RTL IP 설계 및 IP 검증 가능자 - Language: Python/Perl, C/C++ [우대 조건] - ARM based SoC 설계... 검증 가능자 - Language: Python/Perl, C/C++ [우대..."
https://kr.indeed.com/viewjob?jk=c45ef1c34f83deb5,new자동차 전장 ADAS 카메라 System SW 개발 전문가,서울특별시,,Service/Application 개발 경험. ㆍ영상 처리 및 영상 데이터 컨트롤 - 중급 이상 C/C++/ Python/MATLAB 및 computer vision관련 tool 활용 가능 - Image geometry 및...
https://kr.indeed.com/viewjob?jk=55a19c92c845685e,Developer / Designer recruit,서울 논현동,,"language (i.e Python, Ruby, Java, .Net... High proficiency in Python... knowledge... least one Python web framework..."
https://kr.indeed.com/viewjob?jk=40462398c7170442,[기업부설연구소]AI기반 비전시스템 개발 정규직 전문연구원 모집,대한민국,,"지원자격 경력 1년 이상 undefined 대학교(4년) 우대조건 Python, 미신러닝/딥러닝에 대한 폭넓은 기본지식, 최신 연구논문에 대한 이해... 전공 - 통계학 전공 - 직접 : Python, C++,Tensorflow..."
https://kr.indeed.com/viewjob?jk=9b52e936b5e933f8,newDevOps Engineer (신입),서울 강남구,,인터넷·IT·통신·모바일·게임>전산·IT기술지원>IT기술지원|인터넷·IT·통신·모바일·게임>응용프로그래머> Python|인터넷·IT·통신·모바일·게임>웹프로그래머> Python
https://kr.indeed.com/viewjob?jk=f0133e2f3716d73a,"new[영상보안장비대기업] 카메라 ISP 설계, 검증 부문",성남 분당구,,"알고리즘 및 HW영상처리 IP개발, 카메라 ISP 기술 개발 [자격조건] - C/C++ Language 필수, Python 가능 - Image Processing Algorithm Development- Verilog-HDL..."
https://kr.indeed.com/viewjob?jk=dcdd6c20bd460c01,System Engineer 모집,성남 판교역,,"인프라 운영 경험 (프로비저닝, 설정 관리, 모니터링 등) - 운영에 필요한 도구 개발 (Shell / Python 중 하나 이상의 개발 경험 및 REST API 활용) 역량 우대사항 - 글로벌 서비스 Architecture..."
https://kr.indeed.com/viewjob?jk=b255afcf003ff1bb,new[부산 IT 취업교육] 쉽게 배우는 자바 웹 개발자 취업과정 A,부산 부산진구,,통신·모바일·게임>웹프로그래머>백엔드|인터넷·IT·통신·모바일·게임>응용프로그래머>Android|인터넷·IT·통신·모바일·게임>빅데이터·AI(인공지능)> Python|인터넷·IT·통신·모바일·게임>빅데이터·AI(인공지능)>R
https://kr.indeed.com/viewjob?jk=7e4150117819bbe4,"new정보보호 엔지니어(보안개발, 서버보안) 모집",성남 판교역,,"있으신 분이 유리합니다. 지원자격 Linux 플랫폼에 대한 이해 서버 개발경험 필수 [mongdb, python, docker, bash script] 내부통제 관점의 기업보안의 이해 경력 3년 차 이상 필독사항..."
https://kr.indeed.com/viewjob?jk=c7d674c1d5466ed2,지스트 블록체인인터넷경제연구센터 계약직(연구원),광주 북구,,록체인 개발 블록체인 하드포크 1) 4년제 대학 이상 졸업자 2) SW프로그래밍 제작 경험자 3) Python/C/Java/Go 프로그래밍 가능자 우대사항 ① 국가보훈대상자(취업보호대상자) 및 장애인은 관련 법령...
https://kr.indeed.com/viewjob?jk=4adac8923476d038,프랭클린템플턴투신운용 Junior Trader (Quant base 필수),대한민국,,"object-oriented programming and intermediate programming proficiency in Python, R or MATLAB, and SQL are essential. Licenses..."
https://kr.indeed.com/viewjob?jk=bfaf5b67baa7e05b,python 이용 단기 프로젝트 담당 중급개발자,광주 북구,"월급 2,500,000원",직무내용] python을 이용한 소프트웨어에 대한 오토메이션 프로그램을 진행할 개발자를 모십니다. 여러 교육기관에서 진행하는 python 기초교육을... 개월) - 회로검증 프로그램에 대한 python 적용 자동화 수행 (2개월...
https://kr.indeed.com/viewjob?jk=87d89ada0a8d00c3,LCP Customer Support Engineer,대한민국,,components - Storage solutions - Script language - Perl / Python / PHP / BASH(*) - Understanding Factory automation - XML...
https://kr.indeed.com/viewjob?jk=79b0a7b5d7be505d,new[아이콘트롤스] 2021년 하반기 경력사원 모집,서울특별시,,"Spring, node.js, python 프레임워크를 활용한 서버 개발... 전공 무관 ㆍ총경력 : 4년 이상~8년 이하 ㆍ Python 개발 경력 4년 이상 - Python 서버 (Backend) 개발 경력 4년 이상 - 웹..."
https://kr.indeed.com/viewjob?jk=b9111853e8754517,고등광기술연구소 계약직 연구원,광주 북구,,"이저 연구/개발 2. 레이저/포토닉스-인공지능융합연구(Matlab/ Python,Labview/FPGA/Raspberry Pi 등 경험자, 혹은 공부... 인공지능 융합연구 (Matlab/ python,Labview/ FPGA..."
https://kr.indeed.com/viewjob?jk=dceecb02c6770b6c,new2021년 8월 품질 신입사원 수시,청주 오창읍,,"등), 프로그래밍언어(R, Python 등) 활용 경험 보유자 - 해외... 프로그래밍(Minitab, SPSS, SAS 등), 프로그래밍언어(R, Python 등) 활용 경험 보유자 - 6σ MBB, CRE, 빅 데이터 분석..."
https://kr.indeed.com/viewjob?jk=05a8e481d9859e2c,"고등광기술연구소 레이저응용시스템연구실 박사후연구원, 위촉연구원",광주 북구,,"공지능 융합연구 (Matlab/ python, Labview/ FPGA... 연구/개발 2. 레이저/포토닉스-인공지능 융합연구 (Matlab/ python, Labview/ FPGA/ Raspberry Pi 등 경험자..."
https://kr.indeed.com/viewjob?jk=05439002712f8135,차세대 광-무선 가입자망 연구센터 연구전담교수,광주 북구,,"분야 PCB Layout 및 제작 분야 -생체신호 관련 신호 분석 및 처리 실무 경험자 MATLAB, Python 등을 이용한 뇌신호 처리 및 분석 가능자 박사학위 소지자 우대사항 ① 국가보훈대상자(취업보호대상자..."
https://kr.indeed.com/viewjob?jk=378ad98d7d01e2ec,Python 신입/경력 계약직,광주 북구,"월급 2,100,000원",자격요건 담당업무 자격요건 인원 python 이용 단기 프로젝트 담당 중급... 추가급여 지급 python을 이용한 소프트웨어에 대한 오토메이션 프로그램을 진행할 개발자를 모십니다. 여러 교육기관에서 진행하는 python 기초교육을...
https://kr.indeed.com/viewjob?jk=2485e93043545d8a,인간중심 지능형 시스템 연구실 위촉연구원,광주 북구,,"및 인간 대상 연구 수행) 공학 학사학위 이상 C#기반 SW개발 가능자 우대사항 ① 이외 개발언어 ( Python, C++, JAVA, MFC, QT 등) 기반 SW(앱/웹 포함) 개발 가능자 ② 인간대상연구 경험자..."
https://kr.indeed.com/viewjob?jk=21b52179bfa03e6f,KAIST 문화기술연구소 비주얼미디어연구실(노준용 교수) 연수연구원 및 위촉연구원(전문연구요원 포함) 모집...,대전 유성구,,"및 비전 분야 박사 학위 소지자 - 컴퓨터 프로그래밍 가능자 (C++, Python 등 ) ※ 콘텐츠 제작 플랫폼 및 프로그램 개발을 위한 논문 구현... 퓨터 프로그래밍 가능자 (C++, Python 등 ) ※ 콘텐츠 제작 플랫..."
https://kr.indeed.com/viewjob?jk=c988eaf9cbcecca9,new에프앤가이드 - 각 부문 (전문연구요원 포함),대한민국,,"이공계열 석사학위 이상 취득(예정)자 - 우대사항 : ㆍ SQL, python, R 개발경험 소유자 디지털금융팀 - 담당업무 : ㆍ마이데이터 및... 문을 이해/구현 가능한 분 ㆍ Python 등의 언어를 이용한 서비스 개발..."
https://kr.indeed.com/viewjob?jk=042975d09eec3f1a,newIntern - Research (Crime Innovation),대전,,"analysis tools or programming languages (e.g. STATA, R, Python, etc... data visualization software (e.g. Tableau..."
https://kr.indeed.com/viewjob?jk=c80b67aa02a7b226,인공지능연구소 우수인력 초빙 - 연구원 및 연구관리직 -,광주 북구,,"기술 컴퓨터사이언스, 머신러닝, 컴파일러, 자연언어 처리, 네트워킹, 지능형 센서 관련 지식 Python/Java/C++/Web/App/API 프로그래밍, 딥러닝, 자연어처리, TCP/IP 등에 대한 지식 필요기술..."
https://kr.indeed.com/viewjob?jk=45e2530522c7472a,"Python, 인공지능(AI) 외 신입/경력 정규직",성남 분당구,,제출서류에 허위사실이 있을 경우 채용이 취소될 수 있습니다. 인터넷·IT·통신·모바일·게임>응용프로그래머> Python|인터넷·IT·통신·모바일·게임>데이터베이스·DBA>Oracle DB|인터넷·IT·통신·모바일·게임>ERP...
https://kr.indeed.com/viewjob?jk=3e80435be74cd28f,블록체인인터넷경제연구센터 위촉연구원,광주 북구,,업무) 지원자격 연구직 O명 블록체인 연구 및 프로그래밍 제작 1) SW프로그래밍 제작 경험자 2) Python/C/Java/Go 프로그래밍 가능자 3) 블록체인 개발 경험자 우대 4) 컴퓨터공학 및 컴퓨터사이...
https://kr.indeed.com/viewjob?jk=394361af14d72d5c,2021년 7월 경력사원 (데이터 개발),과천 과천시,,"Field Validation 경험 - 데이터 분석 및 Modeling Tool 활용 능력 (Matlab, Python, R 활용) - EV배터리시스템 구조 및 전장품 설계 역량 - 전기차 및 충전기 기술 이해도 - 개발자..."
https://kr.indeed.com/viewjob?jk=d4c94aa1d7e84908,new금융 데이터 분석 및 모델 개발,대한민국,,"지원 가능) 우대사항 ㆍ통계 분석 알고리즘 이해 및 활용 능력 보유 ㆍ데이터분석/모델링을 위한 언어(R/ Python 등) 활용 경험 ㆍ금융관련 자걱증 소지자(CFA, FRM, 투자자산운용사 등) ㆍIT 관련 자격증 소지자..."
https://kr.indeed.com/viewjob?jk=a7c68eba65a950aa,지스트 블록체인경제센터 계약직연구원,광주 북구,,구직 1명 블록체인 개발 블록체인 경제 블록체인 하드포크 1) SW프로그래밍 제작 경험자 2) Python/C/Java/Go 프로그래밍 가능자 우대사항 ① 국가보훈대상자(취업보호대상자) 및 장애인은 관련 법령...
https://kr.indeed.com/viewjob?jk=89e950ed2c4c223e,유니컴퍼니 응용프로그램 개발 및 소프트웨어 개발자,광주 동구,"월급 1,800,000원 - 2,000,000원",이상의 언어 사용이 가능한 자 [경력 조건] - 신입가능 - 경력자(2년이상)_임금협의가능 [우대 사항] - Python 사용이 가능한자 - AI 시스템에 관심이 많은자 - 임베디드 시스템 개발 경험자 - 컴퓨터/시스템공학...
https://kr.indeed.com/viewjob?jk=259e9e445ec31029,new신입 및 경력직원 수시,대한민국,,"이상 소지자 2. 경영, 경제, 통계학, 금융공학 전공자 우대 3. 프로그래밍 경험자(MS Office, Python 등) (2) 모집부서: <대체투자본부> *포지션: 경력 *담당업무 - 비시장성지분증권, 대체투자자산 평가..."
https://kr.indeed.com/viewjob?jk=2e92c3395a4331bf,new2021년 8월 생산기술 신입사원 수시,청주 오창읍,,"우대사항] - 프로그래밍 언어( Python, Unity, C++ 등) 가능... 탐지/예측 알고리즘 개발 [필수사항] - 데이터분석,시각화,머신러닝, Python, R 등 활용능력 보유자 [우대사항] - 기계류 고장진단/예지 분야..."
https://kr.indeed.com/viewjob?jk=78d1ec77f4a5e0dc,기후 분석&모델링연구실 시간제연구원,광주 북구,,"수행 ① 국내외 4년제 대학교 환경공학관련분야 학사 이상 학위소지자로서, ② Fortran, GrADS, python 중 1개 이상의 프로그램 언어 사용 가능자 우대사항 ① 국가보훈대상자(취업보호대상자) 및 장애인은..."
https://kr.indeed.com/viewjob?jk=bd193d0bff4cc42f,2021년 스마트팩토리 및 품질관리 전문인력 양성과정 교육생,천안 동남구,,통신·모바일·게임>빅데이터·AI(인공지능)>데이터분석|인터넷·IT·통신·모바일·게임>빅데이터·AI(인공지능)> Python|인터넷·IT·통신·모바일·게임>빅데이터·AI(인공지능)>머신러닝|인터넷·IT·통신·모바일·게임>빅데이터...
https://kr.indeed.com/viewjob?jk=7b314f7d2a99c2ea,지스트 블록체인인터넷경제연구센터 계약직(박사급 연구원),광주 북구,,"기획 블록체인 연구·개발·하드포크 1) 박사 이상 졸업자 2) SW프로그래밍 제작 경험자 3) Python/C/Java/Go 프로그래밍 가능자 1명 시간제 (주20시간) (월-목, am10-pm4) 우대사항..."
https://kr.indeed.com/viewjob?jk=78e99625e5de3c95,전문연구요원 (병역특례) 수시 (AI / HW 분야),성남 분당구,"연봉 40,000,000원 - 100,000,000원","모델의 RTL IP 설계 및 IP 검증 가능자 - Language: Python/Perl, C/C++ [우대 조건] - ARM based SoC 설계... Linux, shell, tcl, python, perl 사용 원활..."
https://kr.indeed.com/viewjob?jk=8b4bf6a9bddc4d7e,"new[전주]-[신입/경력]랜선하우스 웹개발, Python",전주 완산구,,"(유)랜선하우스부동산투어[전주]-[신입/경력]랜선하우스에서 웹개발, Python 모집합니다. 모집부문 및 자격요건 담당업무 자격요건 인원 [담당업무]웹... 웹프로그래머>웹개발|인터넷·IT·통신·모바일·게임>웹프로그래머> Python"
https://kr.indeed.com/viewjob?jk=05121752364559cb,[보안기술] 보안 솔루션 엔지니어(정규직),대한민국,,"고도화 및 효율화 - 정보보호시스템 로그 관리 및 분석 [자격사항] - 보안 관련 실무 경력 3년 이상 - Python, Shell 등 언어 사용 능력을 보유한 분 - 상용 솔루션 및 각종 OS 등의 취약점 분석 및 대응..."
https://kr.indeed.com/viewjob?jk=98c2229e57d4ee1f,전기전자컴퓨터공학부(바이오컴퓨팅연구실) 위촉연구원,광주 북구,,"국가보훈대상자(취업보호대상자) 및 장애인은 관련 법령에 의거하여 우대 ② 컴퓨터 프로그램밍 (Matlab, Python, C++등) 가능자 ③ 뇌파 측정 및 분석 2년 이상 경력 ➃ 딥러닝 기술 개발 경험 결격사유..."
https://kr.indeed.com/viewjob?jk=6531d039395a3ffe,"토탈제어시스템, 임베디드(Embedded) 외 신입/경력 인턴",광주 광산구,,"개발에 참여할 많은 분들의 도전을 기다립니다. 2. LabVIEW, Python 가능자 우대 엔아이스퀘어 토탈제어시스템, 임베디드(Embedded... 니다. 2. LabVIEW, Python 가능자 우대 [우대사항] 전공..."
https://kr.indeed.com/viewjob?jk=578e3e5a5bd7b10d,new2021년 하반기 Python/백엔드/프론트엔드/PHP,경상남도 통영,"연봉 21,870,000원 - 25,000,000원",블루오션영어조합법인 2021년 하반기 Python/백엔드/프론트엔드/PHP外 모집합니다 모집부문 및 자격요건 담당업무 자격요건 인원 [담당업무]ㆍ스마... 웹프로그래머>백엔드|인터넷·IT·통신·모바일·게임>웹프로그래머> Python
https://kr.indeed.com/viewjob?jk=55584c627df1acaa,데이터 분석가/사이언티스트(신입/인턴 가능),제주도 제주,,"Sheet) 등 데이터 분석 도구를 원활히 다루시거나, 앞으로 원활히 다루고자 하는 의지가 높으신 분 Python, R 등의 프로그래밍 언어 혹은 데이터 분석 언어를 1개 이상 능숙하게 사용 가능하신 분 전형절차 서류 지원..."
https://kr.indeed.com/viewjob?jk=67503f27b0365593,인간중심 지능형 시스템 연구실 시간제 연구원,광주 북구,,"우대사항 ① 국가보훈대상자(취업보호대상자) 및 장애인은 관련 법령에 의거하여 우대 ② 이외 개발언어 ( Python, C++, JAVA, MFC, QT 등) 기반 SW(앱/웹 포함) 개발 가능자 ③ 인간대상연구 경험자..."
https://kr.indeed.com/viewjob?jk=d425b24146af3fa1,지구·환경공학부 환경시스템공학 연구실 위촉연구원,광주 북구,,"험수행 ① 국내외 4년제 대학교 환경공학관련분야 학사 이상 학위소지자로서, ② MATLAB, R, 그리고 Python 중 1개 이상의 프로그램 언어를 다룰 줄 알며, ③ 공고일 기준 2년 이내 아래의 공인영어성적 소지자..."
https://kr.indeed.com/viewjob?jk=754be9e3d78fa802,2021년 상반기 R&D 개발자 (병역특례 가능/경력 무관),인천 연수구,,"담당업무: - 블루투스 메시 기반 위치 추적 솔루션 개발 - 상기 솔루션의 임베디드 펌웨어 개발 - C(필수), Python, Javascript 프로그래밍 언어 사용 - 기술 지원 [자격요건] 경력사항: 무관 (신입도 지원..."
https://kr.indeed.com/viewjob?jk=dea770e40ab966f3,new2021년 하반기 AVIKUS 신입 및 경력사원,서울,,"래밍 (C/C , Python 등) 기술 근무지 서울 모집인원 0명 직무 아비커스 (신입/경력) 희망업무 웹서비스 근무형태 정규직 자격요건 - Design Pattern를 고려한 시스템 설계 경험 - Python 기반 병렬성..."
https://kr.indeed.com/viewjob?jk=794e209e405f4fc0,지스트 블록체인경제센터(강남소재) 계약직연구원,광주 북구,,구직 명 블록체인 개발 블록체인 경제 블록체인 하드포크 1) SW프로그래밍 제작 경험자 2) Python/C/Java/Go 프로그래밍 가능자 우대사항 ① 국가보훈대상자(취업보호대상자) 및 장애인은 관련 법령...
https://kr.indeed.com/viewjob?jk=ee0292c7c2849697,new[LNG발전소] 데이터분석 전문가,충청남도,,모바일·게임>빅데이터·AI(인공지능)>인공지능(AI)|인터넷·IT·통신·모바일·게임>빅데이터·AI(인공지능)> Python|인터넷·IT·통신·모바일·게임>빅데이터·AI(인공지능)>머신러닝|인터넷·IT·통신·모바일·게임>빅데이터...
https://kr.indeed.com/viewjob?jk=dfb20fa220f3c478,"빅데이터, 인공지능(AI) 외 신입/경력 인턴",대한민국,,인공지능)>인공지능(AI)|인터넷·IT·통신·모바일·게임>빅데이터·AI(인공지능)>데이터분석|인터넷·IT·통신·모바일·게임>빅데이터·AI(인공지능)> Python|인터넷·IT·통신·모바일·게임>빅데이터·AI(인공지능)>딥러닝
https://kr.indeed.com/viewjob?jk=cb21526dd46b0f90,인공지능 등 신기술 분야 경력직 인재,대한민국,,"수요건1 (인공지능 전문가 분야) - 인공지능 및 머신러닝/딥러닝 등 AI관련 지식과 기술의 보유 - R, Python 중 하나 이상의 분석 언어를 사용하여 인공지능 모형 구현 가능 필수요건2 (인공지능 등 신기술의 적용..."
https://kr.indeed.com/viewjob?jk=674370fd38bce0dd,지스트 블록체인경제센터(강남소재) 계약직(연구원),광주 북구,,블록체인 경제 블록체인 하드포크 1) 4년대 대학 이상 졸업자 2) SW프로그래밍 제작 경험자 3) Python/C/Java/Go 프로그래밍 가능자 우대사항 ① 국가보훈대상자(취업보호대상자) 및 장애인은 관련 법령...
https://kr.indeed.com/viewjob?jk=77d8e0149dad533b,블록체인인터넷경제 연구센터 위촉연구원,광주 북구,,구직 명 블록체인 개발 블록체인 경제 블록체인 하드포크 1) SW프로그래밍 제작 경험자 2) Python/C/Java/Go 프로그래밍 가능자 우대사항 ① 국가보훈대상자(취업보호대상자) 및 장애인은 관련 법령...
https://kr.indeed.com/viewjob?jk=9acc17c535b42959,2021년 (신입) 전문연구요원 모집,성남 판교역,,"병역특례 전문연구요원 - Python/C++/Java/C# 개발 경험... 유연한 사고와 원활한 커뮤니케이션 능력 우대 - C/C++, Python 등 개발 숙련자 우대 공통지원자격(필수) - 해당 분야 석사 이상..."
https://kr.indeed.com/viewjob?jk=f6fd63cfa837b324,DBA 모집,성남 판교역,,"에 대한 이해 - Script( python, bash, powershell... MONGODB , CASSANDRA 대규모 서비스 운영 경험 - Python 스크립트로 데이터베이스 프로젝트 개발 경험 제출서류 필수 제출서류 없음..."
https://kr.indeed.com/viewjob?jk=28f63647d808ffe6,new[한화테크윈] 2021년 하반기 수시,성남 분당구,,터넷·IT·통신·모바일·게임>응용프로그래머>C·C++|인터넷·IT·통신·모바일·게임>응용프로그래머>Linux|인터넷·IT·통신·모바일·게임>응용프로그래머> Python|인터넷·IT·통신·모바일·게임>응용프로그래머>머신러닝(ML)
https://kr.indeed.com/viewjob?jk=b341f2c493dfecfa,"new[국비교육/연계] ADT캡스(구 SK인포섹) 클라우드보안, 데이터보안 전문가 양성과정 교육생",경기도,,통신·모바일·게임>빅데이터·AI(인공지능)>데이터분석|인터넷·IT·통신·모바일·게임>빅데이터·AI(인공지능)> Python|인터넷·IT·통신·모바일·게임>빅데이터·AI(인공지능)>머신러닝|인터넷·IT·통신·모바일·게임>빅데이터...
https://kr.indeed.com/viewjob?jk=9ab2041ab3380a21,카카오톡 안티어뷰징을 위한 데이터/백엔드 엔지니어 및 머신러닝 전문가 모집,성남 판교역,,"Engineer, Data Scientist 해당 분야에서 활용되는 언어 및 도구를 능숙하게 다룰 수 있는 분( Python, Scala, PyMC, PySpark, Tensorflow 등) 우대 사항 컨테이너 환경에서의..."
https://kr.indeed.com/viewjob?jk=7c19ff88836f8869,고등광기술연구소 전문연구요원,광주 북구,,"고출력 펄스형/극초단 광섬유 레이저, 레이저/고암섬유 레이저, 레이저 인공지능 융합연구, matlab/ python/ FPGA / Raspberry Pi 등 (경험자 우대) 우대사항 ① 국가보훈대상자(취업보호대상자) 및..."
https://kr.indeed.com/viewjob?jk=e60f8a3d20759f92,(주)유니컴퍼니 응용프로그램 개발 및 소프트웨어 개발자,광주 동구,"월급 1,850,000원",한개 이상의 언어 사용이 가능한 자[경력 조건]- 신입가능- 경력자(2년이상)_임금협의가능[우대 사항]- Python 사용이 가능한자 - AI 시스템에 관심이 많은자- 임베디드 시스템 개발 경험자- 컴퓨터/시스템공학- 정보처...
https://kr.indeed.com/viewjob?jk=ea9918b20aa10f90,Applications Engineer (CATS/SmartMRC),대한민국,,"manufacturing technology Scripting skills for Linux, TCL, Python, Perl Excellent communication and organizational skills..."
https://kr.indeed.com/viewjob?jk=9c15d2c0cd7b70d8,프론트엔드개발 인공지능바이오제약코스닥기업,서울특별시,,"개선과 신규 서비스의 UI, 기능을 설계 및 개발 ※ 지원자격 - python 개발 경험(기본) - non-sql DB, sql DB 중 1개 이상... 사용 경험 - 풀스택 개발자 - python, C# 동시 사용 ※ 지원방..."
https://kr.indeed.com/viewjob?jk=e36b281df2933890,[위메프서비스] E-Commerce 데이터엔지니어/NLP개발자(정규직),대한민국,,개발 경력 3년 이상 - 분산파일 시스템 Hadoop 및 Spark 경험이 있는 분 - Java 및 Python 개발 능력을 보유한 분(중급 이상) - Hadoop Ecosysterm 운영 및 유지보수 경험이 있는 분...
https://kr.indeed.com/viewjob?jk=cf747f81b4fab2cc,Brion Field Application Engineer_Hwasung,대한민국,,flexible - Middlelevel knowledge of Linux/Unix OS - Preferredto have high-level programming skill for python and lualanguage.
https://kr.indeed.com/viewjob?jk=e9fd513180126dd2,new석유화학사업본부 AI/BIg Data 분야 경력사원,서울 영등포구,,모델 구축 (연간 과제 수행 건수 : 3~4건) - 주요 언어는 Python이며 R도 가능(C등 Compiler 언어는 미사용) - Decision... 알고리즘 활용 역량 - Python/C++/Java/C# 프로그램 역량...
https://kr.indeed.com/viewjob?jk=dd75ace6cb366385,new경영전략/Data Scientist 경력인재 - 글로벌 우량대기업,서울,,모바일·게임>빅데이터·AI(인공지능)>데이터분석|인터넷·IT·통신·모바일·게임>빅데이터·AI(인공지능)> Python|인터넷·IT·통신·모바일·게임>빅데이터·AI(인공지능)>데이터시각화디자이너|인터넷·IT·통신·모바일·게임...
https://kr.indeed.com/viewjob?jk=5964e895e5eaa8e5,백엔드 개발자,성남 분당구,,"주로 ASP.Net Core 로 개발 되어 있으며, akka.net. python, golang 으로 되어 있는 서비스들도 있기 때문에, 원하시는... asp.net core, C# 나 python 개발에 능숙 하신 분..."
https://kr.indeed.com/viewjob?jk=a0dda478567db352,"(주)트윔 개발자(경력직) 빅데이터,영상처리,머신비전/AI 딥러닝",경기도 화성,,"자기주도적으로 진행한 경험 - Python/C/C++ 능통자 - 데이터... RNN 등 딥러닝 이론 및 알고리즘 유경험자 - C/C++, Java, Python/TensorFlow/Caffe 사용가능자 - Matlab/R 분석..."
https://kr.indeed.com/viewjob?jk=75c69093d9d3fd18,하이테크(대졸자 취업연계)과정 (ICT·바이오 분야),성남 분당구,,로그래머>머신러닝(ML)|인터넷·IT·통신·모바일·게임>응용프로그래머> Python|인터넷·IT·통신·모바일·게임>응용프로그래머>증강현실(AR)|인터넷... 게임>빅데이터·AI(인공지능)> Python|인터넷·IT·통신·모바일·게임...
https://kr.indeed.com/viewjob?jk=833a4d9bb5840b70,Senior Data Scientist (Korea),대한민국,,"deploy custom code in a variety of environments ( Python, SAS, R, etc.) to create predictive analytics applications. Use..."
https://kr.indeed.com/viewjob?jk=b1012381189a24e2,newUA 마케터,성남 분당구,,"이상) - ASO(App Store Optimization) 최적화 운영 경험 - 데이터 분석을 위한 Python, SQL 경험 기타사항 - 업계 최고 수준의 연봉과 보상, 변화를 선도하는 넥슨과 함께 할 여러분을 모십..."
https://kr.indeed.com/viewjob?jk=51d1df9a3cfbe418,new(주)엘솔루 R&D본부 ASR팀 개발직,서울,,"제공 [필수사항] ㆍ프로그래밍에 재능 및 열정이 있는 자 ㆍJava, Python 중 하나 이상의 언어사용자 ㆍWeb 개발능력 ㆍ리눅스 사용 경험자... 머신러닝(ML)|인터넷·IT·통신·모바일·게임>응용프로그래머> Python"
https://kr.indeed.com/viewjob?jk=5827e320d9e8fe58,모빌리티시스템 매니저,제주도 제주,,축한 경험이 있는 분 유관 부서와의 원활한 소통을 위한 기본적인 JSON 관리/쿼리 작성 능력을 갖춘 분 Python을 능숙하게 사용할 수 있는 분 대용량 / 실시간 데이터 처리 아키텍처 구축과 관련된 직간접적인 경험을 보유...
https://kr.indeed.com/viewjob?jk=39e827a8a7606cc6,Analog Verification Engineer,대한민국,,"design tool set. Programming / scripting know-how, e.g., Python, skill, makefile or other programming script Why Join Us..."
https://kr.indeed.com/viewjob?jk=c04309036d0a44a1,바람의나라 게임프로그래머,성남 분당구,,서비스 경험이 있으신 분 - Linux 환경에서 개발 및 서비스 경험이 있으신 분 - Bash 쉘스크립트/ Python 스크립트 개발 경험이 있으신 분 - Yacc/Lex 개발 경험이 있으신 분 - Apache/PHP...
https://kr.indeed.com/viewjob?jk=a42c6ffd9e189f59,newApplication(Data Science) Engineer - Manufacturing Automatio...,대한민국,,"issues. Develop custom algorithms (R, Python, .NET) to analyze process data... algorithms (R, Python, .NET) Preferred..."
https://kr.indeed.com/viewjob?jk=d32b9a5a69437d02,야구 데이터 Specialist 모집,성남 판교역,,통계적 분석을 통한 문제해결능력을 가진 분 * 통계적 분석을 위한 언어에 대한 높은 활용도(R 또는 Python선호) * 2021 KBO 경기 일정에 맞춰 근무가 가능한 분 * 원활한 커뮤니케이션 능력 우대사항 * 트래킹...
https://kr.indeed.com/viewjob?jk=054af81ecad81afd,new2021년 상반기 정보보안 엔지니어 - 악성코드 파트,서울 금천구,"연봉 30,000,000원 - 60,000,000원","Top 10에 대한 설명과 구현/조치 가능 - 국내 컴플라이언스 대응 경험(주요정보통신기반시설 가이드 등) - Python 활용자 - Kali 및 Metasploit 경험자 - 군필자, 경력자, 관련 학과 졸업자 우대 인터넷..."
https://kr.indeed.com/viewjob?jk=50a2ea4efa470d4c,[IT운영팀] RPA 기획 설계 경력직 채용,서울,,"RPA 이해도 上 및 활용 제안 knowledge •UiPath (타 SW경험 가능), Python 이해 및 활용 •Java, Javascript, SQL 기본이해 •DT Trend / Insight 0 본사(63빌딩..."
https://kr.indeed.com/viewjob?jk=774ff221bab9ef3d,"인공지능개발, 인공지능 (Machine Learning) 영상처리 정규직",대전 유성구,,"담당 , 인공지능 임베디드 담당, 인공지능 어플리케이션 개발 업무( python/tensorflow/cpen cv/yolo/app개발/머신러닝/알고리즘... 게임>빅데이터·AI(인공지능)> Python|인터넷·IT·통신·모바일·게임..."
https://kr.indeed.com/viewjob?jk=100e9407efc0aa43,new[한국자산평가] 신입 및 경력직원 금융공학연구소,서울 종로구,,인터넷·IT·통신·모바일·게임>응용프로그래머>C·C++|인터넷·IT·통신·모바일·게임>응용프로그래머> Python
https://kr.indeed.com/viewjob?jk=d83fc0dd2641f483,전문연구요원 (병역특례) 수시 (AI / SW 분야),성남 분당구,"연봉 40,000,000원 - 100,000,000원",요구 능력] - ASM/C/C++/ Python 언어 코딩 기술 - 운영체제... 경험 - Windows/Linux 상에서 C++/ Python 언어 사용 개발 경험 - C++ / Python 언어 사용 개발 경험 - 객체지향 설계에...
https://kr.indeed.com/viewjob?jk=3213e7f6252bf9be,GEDP,경기도 성남,,using C programming language Scripting languages like Lua/ Python/JavaScript may also be used if needed Support connected...
https://kr.indeed.com/viewjob?jk=1b62babbbf2d717a,경험최적화 - 데이터 사이언티스트/분석가,성남 분당구,,피처 탐색 등) - 게임 내 행동 패턴 로그 분석과 패턴 식별 및 이를 통한 서비스 개선 지원자격 - Python을 사용한 데이터 분석 및 모델 개발 경험 - 머신러닝 라이브러리 활용 경험 - 셀프 모티베이션과 원활한...
https://kr.indeed.com/viewjob?jk=c71c1fa9e0d43937,악성코드 및 엔드포인트 위협 대응 보안 엔지니어 모집,성남 판교역,,"발견하고 개선하고자 하는 능동적인 성격 우대사항 API 활용 SOAR 구성 node.js 프레임워크 경험자 Python/Linux shell script 중급 이상 가능자 필독사항 ※ 카카오 테크 직군의 경우, 개발..."
https://kr.indeed.com/viewjob?jk=1c2dec1a2156f6aa,(데이터개발) API플랫폼 개발자,성남 분당구,,"architecture를 구현하고 이를 효과적으로 관리할 수 있는 기반 개발 지원자격 - Java, Go, Python 중 한 가지 이상의 언어를 이용한 웹 서비스 개발 경험이 있으신 분 - MySQL 등의 RDBMS..."
https://kr.indeed.com/viewjob?jk=f9e45f91367a8701,(주)다른코리아 인공지능(딥러닝) 개발 직원,대전 유성구,"월급 2,000,000원","인공지능(딥러닝) 개발자 - 자사 시스템 및 플랫폼 연구 및 개발 - 딥러닝 추천 시스템 개발 - 활용언어: python, tensorflow, keras2. 급여: 2,000,000원(세전 급여) (차년도 업무 성과에 따른..."
https://kr.indeed.com/viewjob?jk=44237c545f8d4931,newKnowledge AI Research 연구원 모집,성남 판교역,,하는 능력 B. 기술 탐색 및 문제해결능력 C. 기반기술에 대한 개발 능력( R/ Python/Java ) 우대사항 1. Python 개발역량 보유 2. 다양한 DB로 부터의 데이터 핸들링 경험 3. AI기술 실제 서비스...
https://kr.indeed.com/viewjob?jk=53f8e8ae0a381900,Shield Data Scientist,대한민국,,분 ML 기반의 Outlier(Anomaly) 검출 경험이 있으신 분 GIT 기반으로 협업이 익숙하신 분 Python에 능숙하신 분 해외 출장 및 근무에 결격 사유 없으신 분 우대사항 데이터를 위한 도구 사용 경험이 있으신...
https://kr.indeed.com/viewjob?jk=665b6c26db355098,new[IT취업반] 자바·모바일 실무 개발자 NCS취업교육,부산 부산진구,,통신·모바일·게임>웹프로그래머>백엔드|인터넷·IT·통신·모바일·게임>응용프로그래머>Android|인터넷·IT·통신·모바일·게임>빅데이터·AI(인공지능)> Python|인터넷·IT·통신·모바일·게임>빅데이터·AI(인공지능)>R
https://kr.indeed.com/viewjob?jk=34d364ae9f7e751b,(클라우드비즈니스) 프라이빗 클라우드 개발 담당자 영입,성남 삼평동,,"않고 주도적 업무 수행을 좋아하시는 분 - Software 개발 관련 업무 경력 3년 이상(Java, Python, Go, Ruby 등) - 다음 내용 중에 한가지라도 해당 되시는 분 . 웹 서비스 UI 디자인 경력 3..."
https://kr.indeed.com/viewjob?jk=91097e65849243a2,Analytics Consultant - PharmDash (Korea),대한민국,,"team members necessary for delivery Ability to use SAS, R, Python and SQL to run queries on HIRA databases, interpret..."
https://kr.indeed.com/viewjob?jk=87309d3ff40ead61,딥러닝 AI 개발 연구원,성남 수정구,,시스템프로그래머>임베디드(Embedded)|인터넷·IT·통신·모바일·게임>응용프로그래머>C·C++|인터넷·IT·통신·모바일·게임>응용프로그래머>Linux|인터넷·IT·통신·모바일·게임>빅데이터·AI(인공지능)> Python
https://kr.indeed.com/viewjob?jk=376e7df4cd432744,데이터 컨설팅 및 분석분야 경력직 (정규직),과천 과천시,,데이터분석|인터넷·IT·통신·모바일·게임>빅데이터·AI(인공지능)> Python|인터넷·IT·통신·모바일·게임>빅데이터·AI(인공지능)>R|인터넷... 데이터마이닝|인터넷·IT·통신·모바일·게임>응용프로그래머> Python
https://kr.indeed.com/viewjob?jk=5c4d8fd5d467a855,new(주)아이옵스 항공우주분야,대전 유성구,,궤도역학[우대사항]ㆍ정보처리기사 등 관련 자격증 소지자 ㆍ인공위성 궤도분석 및 비행역학 유경험자ㆍC/C++/ Python 활용 가능자ㆍ영어 가능자 0 명 근무조건 고용형태 : 정규직(수습기간3개월)급여조건 : 급여 협의근무지역...
https://kr.indeed.com/viewjob?jk=f84cc3dd027fb13b,new서비스보안 인턴,성남 판교역,,비스 로그인 어뷰징 모니터링 업무 - 보안학과 전공 또는 보안 동아리 활동 경험 보유 - Java 혹은 Python 활용 경험 보유 - 로그 분석 플랫폼(ELK / Hadoop) 및 데이터 분석(마이닝)에 관심 많은 분...
https://kr.indeed.com/viewjob?jk=13888ca91273749d,new[기품] 웹사이트 및 앱 개발자,대전 유성구,"월급 2,000,000원","지원자격ㆍ전공 : 컴퓨터/시스템 공학 관련 학위 소지자 또는 업무관련 경험자ㆍ백엔드 개발지식 : 서버개발언어 Python(jupyter, Atom or Pycham) 사용 가능자ㆍDBMS : MairaDB, Mysql, MS..."
https://kr.indeed.com/viewjob?jk=d2475b9f00f58b97,[AI R&D] ML 엔지니어 모집,성남 판교역,,pipeline 설계 및 구현 기술 연구 개발 지원자격 학력 : 학사 이상 경력기간 : 3년 ~ 필수조건 - Python 언어 및 SQL 쿼리 작업에 능숙하신 분 - ML 도구(scikit-learn/Spark MLlib...
https://kr.indeed.com/viewjob?jk=06bd7cf4b32f5ac8,[HR Div.] 인사제도 기획 및 운영,서울,,"경험 게임 업계 및 PUBG에 대한 관심과 이해 Fluent level English Coding( Python, Java 등)이나 Data(SQL 등)관련 지식 보유 고용 형태 정규직 근무지 서울 본사 (역삼) 제출..."
https://kr.indeed.com/viewjob?jk=a1925aaf47b84f5d,new[KSTEC] RPA 시스템 개발 신입 및 경력사원,성남 분당구,,통신·모바일·게임>응용프로그래머>.NET|인터넷·IT·통신·모바일·게임>웹프로그래머>JAVA|인터넷·IT·통신·모바일·게임>웹프로그래머> Python|인터넷·IT·통신·모바일·게임>웹프로그래머>HTML·DHTML·mHTML
https://kr.indeed.com/viewjob?jk=486e60eaeabad5a5,[진행중] 우리은행 MyDataACT 전문직(데이터사이언티스트-분석) 채용공고,서울 회현동,,"이터 분석 업무 경력 5년 이상 보유자(관련 서비스 기획, 운영 경력 합산) - 데이터 분석 관련 언어( Python, R 등) 사용 능력 및 분석 결과의 실제 서비스 적용 경험 보유자 - 적극적이고 원만한 커뮤니케이션..."
https://kr.indeed.com/viewjob?jk=0f139e8552caa762,매치메이킹 서버 개발,성남 분당구,,"습니다. - AWS ECS - AWS Lambda - Go - Python - Redis 사용자의 몰입도를 높이는 매치메이킹 규칙을 구현합... 원자격 -한 가지 이상의 개발 언어( Python, C++, C#, Go 등..."
https://kr.indeed.com/viewjob?jk=05aa5498d84c58e1,데이터 엔지니어(신입/경력),제주도 제주,,"경험이 있는 분 데이터 분석팀 및 유관 부서와의 원활한 소통을 위한 기본적인 쿼리 작성 능력을 갖춘 분 Python 또는 Java, Scala, C++, C# 등의 언어를 최소 1개 이상 능숙하게 사용할 수 있는 분 대용량..."
https://kr.indeed.com/viewjob?jk=b7d595373fccd7a8,newHANA Development Support Quality Engineer,서울,,"database architecture and SQL Knowledge of LINUX Knowledge of Python/shell-Scripting, C/C++ Using C++-Debuggers (like GDB..."
https://kr.indeed.com/viewjob?jk=48d9aafc20289d72,게임 이상탐지 데이터 사이언티스트/분석가,성남 분당구,,모델 업데이트 자동화 지원자격 - 데이터 정제 / 분석 및 머신러닝 기법 적용에 필요한 프로그래밍 능력 ( Python) - SQL 활용 능력 - (선택) Spark를 활용한 데이터 처리 능력 - (선택) 이상 탐지에...
https://kr.indeed.com/viewjob?jk=4ba42d7653b6af82,new소프트웨어 엔지니어(인공지능 관련) 신입/경력,성남 수정구,,"차무관)학력사항: 학력무관직무기술: Python, 소프트웨어, 인공지능개발, 머신러닝/딥러닝기타: ㆍ음악과 사운드에 대한 경험을 가지고 있는 자ㆍMIDI 에 대한 이해가 있는 자ㆍ Python 사용이 가능한 자 1 명 ㈜에스엠..."
https://kr.indeed.com/viewjob?jk=944787d32414e164,대기업 AI NPU 개발자 (판교),서울,"연봉 70,000,000원 - 80,000,000원","Competencies- C/C++, Python Language... RTL Simulation and Verification- C/ Python 기반 모델 RTL 변환 가능 기술[근무부서 및 직급/직책]직급/직책: 과장..."
https://kr.indeed.com/viewjob?jk=70301d47ff5a1ae3,newAI R&D 데이터플랫폼 엔지니어 모집,성남 판교역,,3년 ~ 15년 필수조건 - Hadoop 기반 분산 데이터 처리 기술에 대한 경험 보유 - Java / Python 기반 개발 경험 보유 - Hive / Spark 기반 데이터 파이프라인 개발 및 workflow 자동화 개발...
https://kr.indeed.com/viewjob?jk=8e427bfa23c2365d,Machine Learning Engineer (LINE AI Services Lab),대한민국,,"있으신 분 Hadoop MR, Hive, Spark 등 대용량 처리 프레임워크 개발/사용 경험이 있으신 분 Python, Scala, SQL 등의 프로그래밍 언어를 사용할 수 있으신 분 해외 출장 및 근무에 결격 사유 없으신..."
https://kr.indeed.com/viewjob?jk=2b9e604e63e7e46d,[카카오커머스] 기술직군,성남 분당구,,"우대사항 - 전자금융 감독규정, PCIDSS에 대한 실무 경험이나 이해도가 높으신 분 - JAVA, Python, shell script 등 개발 역량을 갖추신 분 - 웹/앱 취약점 진단 및 모의해킹 역량을 갖추신..."
https://kr.indeed.com/viewjob?jk=15edcadd124ad99a,매칭 데이터분석,성남 분당구,,"최적화 된 모델을 적용하고 평가합니다. 지원자격 [이런 경험을 가진 파티원을 찾습니다.] - SQL, Python 등의 언어를 통해 데이터를 가공한 경험이 있는 분을 찾습니다. - 문제에 적합한 머신러닝 모델을 선택하고..."
https://kr.indeed.com/viewjob?jk=30a5a99735e194b0,new테크빌더팀 웹(프론트/백엔드)개발,성남 분당구,,"Ubuntu) - React, Angular, jQuery - Python, Flask, Nginx, ElasticSearch, MySQL 지원... 발해 보신 분 * 백엔드 - Python, Java, C# 중 한 가지..."
https://kr.indeed.com/viewjob?jk=e5448ffc7d6ecf02,FPGA 플랫폼 엔지니어 (딥러닝 하드웨어 프로세서 개발),성남 분당구,"연봉 40,000,000원 - 100,000,000원","사용 경험(Chip Scope/SignalTap) - Language: Python/Perl, C/C++ - Vivado 또는 Synplify 또는... SignalTap) - Language: Python/Perl, C/C++..."
https://kr.indeed.com/viewjob?jk=d425b24146af3fa1,지구·환경공학부 환경시스템공학 연구실 위촉연구원,광주 북구,,"험수행 ① 국내외 4년제 대학교 환경공학관련분야 학사 이상 학위소지자로서, ② MATLAB, R, 그리고 Python 중 1개 이상의 프로그램 언어를 다룰 줄 알며, ③ 공고일 기준 2년 이내 아래의 공인영어성적 소지자..."
https://kr.indeed.com/viewjob?jk=86dc2474077c5cb6,"인공지능 (딥러닝, 머신러닝) 영상처리 개발자 신입/경력 정규직",부산 금정구,"연봉 40,000,000원 - 50,000,000원","ㆍ기본 자격 : 정보통신/컴퓨터 관련 학부 졸업 이상ㆍ개발 언어 : Python, Node.js, C/C++, Java 중 2개 이상 경험자ㆍ경험... 게임>빅데이터·AI(인공지능)> Python|인터넷·IT·통신·모바일·게임..."
https://kr.indeed.com/viewjob?jk=0064deb5fa9cbce0,데이터 사이언티스트 모집,성남 판교역,,"양한 실험을 통해 알고리즘을 개선합니다. 지원자격 지원자격 하나 이상의 프로그래밍 언어에 익숙한 분( Python, Java, C/C++, Scala 등) 머신러닝/딥러닝 오픈소스를 이용하여 1년 이상 특정 서비스에 모델..."
https://kr.indeed.com/viewjob?jk=43165d6905d319a4,new(주)엘솔루 서비스기획 관리자,서울,,통신·모바일·게임>웹프로그래머>HTML·DHTML·mHTML|인터넷·IT·통신·모바일·게임>웹프로그래머> Python|재무·회계·경리>세무·회계>회계|재무·회계·경리>세무·회계>전산회계|재무·회계·경리>세무·회계>회계감사
https://kr.indeed.com/viewjob?jk=674370fd38bce0dd,지스트 블록체인경제센터(강남소재) 계약직(연구원),광주 북구,,블록체인 경제 블록체인 하드포크 1) 4년대 대학 이상 졸업자 2) SW프로그래밍 제작 경험자 3) Python/C/Java/Go 프로그래밍 가능자 우대사항 ① 국가보훈대상자(취업보호대상자) 및 장애인은 관련 법령...
https://kr.indeed.com/viewjob?jk=78d1ec77f4a5e0dc,기후 분석&모델링연구실 시간제연구원,광주 북구,,"수행 ① 국내외 4년제 대학교 환경공학관련분야 학사 이상 학위소지자로서, ② Fortran, GrADS, python 중 1개 이상의 프로그램 언어 사용 가능자 우대사항 ① 국가보훈대상자(취업보호대상자) 및 장애인은..."
https://kr.indeed.com/viewjob?jk=72859ab8ad9a7cd0,글로벌 ICT전문가 양성과정 6기 참가자,대전 중구,,통신·모바일·게임>빅데이터·AI(인공지능)>데이터분석|인터넷·IT·통신·모바일·게임>빅데이터·AI(인공지능)> Python|인터넷·IT·통신·모바일·게임>빅데이터·AI(인공지능)>머신러닝|인터넷·IT·통신·모바일·게임>빅데이터...
https://kr.indeed.com/viewjob?jk=0848c82a5ebb191b,"newEngr, Apps Dev 3",경기도 화성,,"working effectively with different cultures. Matlab/ Python experience is a plus. We offer a competitive, family friendly..."
https://kr.indeed.com/viewjob?jk=ee7bb11873ae75fa,[던전앤파이터] 리깅TA,제주도,,"리깅 구조를 설계하고 확장해 나갈수 있으신 분 - max script, python, mel, c# 중 한 가지 이상 사용가능하신 분 ※ 포트폴리오... 3D툴 사용경험이 있으신 분 - Python 툴 개발 경험이 있으신 분..."
https://kr.indeed.com/viewjob?jk=be6c1f03fa566f8e,추천 시스템 연구/개발,성남 판교역,,"분야 석사 또는 박사 학위 소지자 적어도 하나 이상의 능숙한 프로그래밍 언어가 있으신 분 우대사항 Python, C++, GPU 프로그래밍 숙련자 TensorFlow, PyTorch, implicit 등 머신러닝/추천..."
https://kr.indeed.com/viewjob?jk=8c32b5db8ab28c7d,"[광고 추천] 데이터 과학자, 기계학습(머신러닝) 전문가 모집",성남 판교역,,"학습(머신러닝), 딥러닝에 관한 지식과 경험이 풍부한 분 하나 이상의 프로그래밍 언어에 능통한 분 (예, Python, R, Java, Scala, C/C++, Golang 등) 단, 주니어는 기계학습 기초 지식과 개발 역량..."
https://kr.indeed.com/viewjob?jk=4a3d9334130034fd,new글로벌 소셜 카지노 사업 PM (경력),대한민국,,"분 우대사항 - 소셜 카지노 장르를 비롯한 카지노 산업 전반에 대한 높은 이해도를 갖춘 분 - R, Python 등을 활용한 통계 분석이 능숙한 분 - 비즈니스 수준의 영어가 가능한 분 - 글로벌 비즈니스 관련 경험..."
https://kr.indeed.com/viewjob?jk=2434ecc3952a055d,데이터 분석 담당 모집,성남 판교역,,"이터를 통한 Insight 경험 등 분석기획 보유자 데이터 분석에 필요한 Tool 가능자 (SQL, R, Python 등) 제출서류 필수 제출서류 없음 전형단계 서류전형 1차 면접 NC TEST 2차 면접 처우협의 입사 도움..."
https://kr.indeed.com/viewjob?jk=45f9a39bdf645e57,기술혁신센터 경력사원,충청남도 천안,,"OHT 등) 천안 컴퓨터/시스템 전기/전자 기계/산공 *전문지식 - Java, C#, C++, Python - Oracle (PL/SQL) - Automod, VisualComponent - 통신프로그래밍..."
https://kr.indeed.com/viewjob?jk=08ccca037ac42779,서비스 플랫폼 웹 개발자 모집,성남 판교역,,"기술 트랜드에 지속적인 관심을 가지며, 배움에 적극적인 분 우대사항 - Front-End 웹 개발 경험 - Python, Django Framework을 이용한 서비스 개발 경험 - Kafka, Redis 를 이용한 서비스..."
https://kr.indeed.com/viewjob?jk=be95b5718905880f,AI/빅데이터/클라우드 분야 (인재 Pool),서울,,"의미한 인사이트 발굴 - R, Python, SQL 등 Statistics... 등)의 다양한 솔루션을 활용하여 서비스 개발 경험자 2) Java, Python 등 프로그래밍 개발 경험 보유자 3) Container 기반 서비스..."
https://kr.indeed.com/viewjob?jk=06d133676285b02e,침해사고 대응,성남 판교역,,"계층별/영역별 취약점에 대한 충분한 이해 - CVE 보안취약점 분석 및 대응 역량 - C, Java, Python 등을 통한 업무 자동화 및 분석도구 개발 경험 - 리버스 엔지니어링에 능숙하거나 다수의 버그바운티 참여..."
https://kr.indeed.com/viewjob?jk=417d617feb2b2c3a,"개발자 - 로그 분석 프로그램, Python",서울 송파구,,"차장 [담당업무]ㆍ Python, Kafka를 활용한 차세대 데이터 시스템 개발ㆍ실시간 대용량 로그 수집, 분석, 저장ㆍ Python, Linux, Kafka, IBM LSF[필요기술]ㆍ Python 을 이용한 문자열 처리, 외부..."
https://kr.indeed.com/viewjob?jk=36f5ca0af190b87d,클라우드 엔지니어,서울 구로구,,분 - 새로운 환경을 익히는 것에 즐거움을 느끼시는 분 - DevOps 개발자로 성장하고 싶으신 분 - Python 개발 경험이 있으신 분 - 대용량 트래픽 및 트래픽 분산 처리 경험이 있으신 분 - Ansible...
https://kr.indeed.com/viewjob?jk=58caf68f2b4478be,게임 이상탐지 데이터 엔지니어,성남 분당구,,"프로세스 설계 및 구현 - 대용량 데이터 관리 자동화 스크립트 및 라이브러리 개발 지원자격 - SQL, Python 중급 이상 - 운영체제, 데이터베이스, 네트워크 기본 지식 - AWS, GCP, Azure 등 클라우..."
https://kr.indeed.com/viewjob?jk=2d673190be33ed49,[한화테크윈] 2021년 하반기 수시채용,서울,,"Language 필수, Python 가능 - Image Processing... 설계, System-Verilog 및 UVM 설계 - C/C++, Python 가능, Timing report 분석 가능(DC, PT) O명 판교..."
https://kr.indeed.com/viewjob?jk=c10064bea1536bfd,[ICT 확산사업] 2021년 블록체인 교육비 무료 교육생,서울,,통신·모바일·게임>빅데이터·AI(인공지능)>데이터분석|인터넷·IT·통신·모바일·게임>빅데이터·AI(인공지능)> Python|인터넷·IT·통신·모바일·게임>빅데이터·AI(인공지능)>머신러닝|인터넷·IT·통신·모바일·게임>빅데이터...
https://kr.indeed.com/viewjob?jk=35f0a25dee5f3312,딥러닝 알고리즘 및 응용 Engineer,성남 분당구,"연봉 40,000,000원 - 100,000,000원",모바일·게임>빅데이터·AI(인공지능)>인공지능(AI)|인터넷·IT·통신·모바일·게임>빅데이터·AI(인공지능)> Python|인터넷·IT·통신·모바일·게임>빅데이터·AI(인공지능)>머신러닝|인터넷·IT·통신·모바일·게임>빅데이터...
https://kr.indeed.com/viewjob?jk=3330430ae94277db,[타다]데이터 분석가/사이언티스트,제주도 제주,,"통계에 대한 지식 및 머신러닝에 대한 지식을 보유하고 있으며, 데이터 분석 실무 경험이 풍부하신 분 R, Python(Pandas, Numpy, Scikit-learn) 등의 데이터 분석을 위한 언어를 1개 이상 능숙하게..."
https://kr.indeed.com/viewjob?jk=ac9068957c550cb3,데이터 전문가(모델러/분석가/엔지니어) 모집,성남 판교역,,대용량 데이터를 효율적으로 사용하기 위한 기반 데이터 가공 지원자격 데이터 사이언스를 위한 언어(R/ Python/Scala) 및 도구(scikit-learn/Spark MLlib/Tensorflow/Pytorch 등)를...
https://kr.indeed.com/viewjob?jk=4cad28e2fb28fa09,"new[영상보안장비대기업] 카메라 SoC 설계, 검증 부문",성남 분당구,,"IP 경험- Verilog/VHDL RTL 설계, System-Verilog 및 UVM 설계- C/C++, Python 가능, Timing report 인터넷·IT·통신·모바일·게임>소프트웨어·하드웨어>하드웨어"
https://kr.indeed.com/viewjob?jk=010b1344dd35c59c,new테크빌더팀 - 게임서비스 지원 개발자,성남 분당구,,"com/NDC2017/sessions/NDC2017_0075.html [운영 환경] - C++, C#, Python - Windows Server, ubuntu - MySQL - AWS 지원자격 - C++, C#..."
https://kr.indeed.com/viewjob?jk=2b2dcd3ffe3d53df,카카오 데이터의 가치를 발굴할 데이터 분석가 모집,성남 판교역,,"기술 통계량 이해 및 해석) 데이터 분석 업무를 수행할 수 있는 언어 스킬 필수 SQL 필수 R 또는 Python을 다룰 수 있는 분 (SAS, SPSS, GA, tableau 등 통계 툴만 사용 가능한 경우 제외) 하둡..."
https://kr.indeed.com/viewjob?jk=ebb960c140dd1e80,[뉴딜일자리 사업] 5G AI 활용 영상보안 교육생,대구 동구,,통신·모바일·게임>빅데이터·AI(인공지능)>데이터분석|인터넷·IT·통신·모바일·게임>빅데이터·AI(인공지능)> Python|인터넷·IT·통신·모바일·게임>빅데이터·AI(인공지능)>머신러닝|인터넷·IT·통신·모바일·게임>빅데이터...
https://kr.indeed.com/viewjob?jk=79304a56b5a6379b,Business Analyst,대한민국,,"engineering related research. • Broad working knowledge of Python, Excel (inc. automation skills), Relational DBs, SQL..."
https://kr.indeed.com/viewjob?jk=794e209e405f4fc0,지스트 블록체인경제센터(강남소재) 계약직연구원,광주 북구,,구직 명 블록체인 개발 블록체인 경제 블록체인 하드포크 1) SW프로그래밍 제작 경험자 2) Python/C/Java/Go 프로그래밍 가능자 우대사항 ① 국가보훈대상자(취업보호대상자) 및 장애인은 관련 법령...
https://kr.indeed.com/viewjob?jk=9ae2ca2eedc827d6,newSimulation 분야별 신입/경력사원(석/박사),경기도 파주,,"활용 경험 (C++, VB, Python, Labview) 담당업무 1... 경험 2) Programming Tool 활용 경험 (C++, VB, Python, Labview) 담당업무 1) Display 구조/열 해석 분야..."
https://kr.indeed.com/viewjob?jk=a79702e8ca6af794,금융 AI 기술 연구 개발자 모집,성남 판교역,,"및 연구/문제 해결 능력 - Python 언어에 능숙하신 분 2. 해당직... Recognition, Data/Text Mining 경험 보유 - Python, SQL 활용 우대사항 - AI 관련 전공자 - 금융 도메인에 대한..."
https://kr.indeed.com/viewjob?jk=6f4889537af98046,데이터 사이언티스트 및 엔지니어,성남 판교역,,"및 데이터 분석 관련 언어(R, Python, SQL 등)의 능숙한 활용... Hadoop 에코 시스템을 통한 데이터 처리 플랫폼 개발 가능 - Python, Java, SQL 활용 능숙 - 오픈소스 학습 및 활용 역량..."
https://kr.indeed.com/viewjob?jk=07375dc4e800dfa9,추천 시스템 소프트웨어 엔지니어,성남 판교역,,"관련 업무 경험자 우대사항 운영체제, 네트워크, 컴파일러, 데이터베이스에 대한 이해가 깊으신 분 Python, C++, GPU 프로그래밍 숙련자 대용량/실시간 서비스 개발/운영 경험이 많으신 분 ICPC/TopCoder..."
https://kr.indeed.com/viewjob?jk=b511bb7560d6b52c,프론트엔드 웹개발자 양성과정 교육생,서울 중구,,통신·모바일·게임>웹프로그래머> Python|인터넷·IT·통신·모바일·게임... 로그래머>머신러닝(ML)|인터넷·IT·통신·모바일·게임>응용프로그래머> Python|인터넷·IT·통신·모바일·게임>응용프로그래머>증강현실(AR)|인터넷...
https://kr.indeed.com/viewjob?jk=84fd9f9deb6105b0,"웹개발, Python 외 신입/경력 계약직",서울 강서구,,"주식회사 쿠바로엠앤씨 웹개발, Python 외 신입/경력 계약직 채용 모집... 게임>웹프로그래머>웹개발|인터넷·IT·통신·모바일·게임>웹프로그래머> Python|인터넷·IT·통신·모바일·게임>웹프로그래머>백엔드|인터넷·IT·통신..."
https://kr.indeed.com/viewjob?jk=43f8edb38c7888c7,[위메프오] 서버개발자(정규직),대한민국,,"데이터베이스 분산설계 및 미들웨어 개발 [자격사항] - 서버 프로그래밍 언어(PHP, Go, C/C++, Python, Java) 중 1개 이상 사용이 가능한 분 - 자료구조, 알고리즘, 분산처리 등 SW관련 기본지식 보유..."
https://kr.indeed.com/viewjob?jk=dea770e40ab966f3,new2021년 하반기 AVIKUS 신입 및 경력사원,서울,,"래밍 (C/C , Python 등) 기술 근무지 서울 모집인원 0명 직무 아비커스 (신입/경력) 희망업무 웹서비스 근무형태 정규직 자격요건 - Design Pattern를 고려한 시스템 설계 경험 - Python 기반 병렬성..."
https://kr.indeed.com/viewjob?jk=77d8e0149dad533b,블록체인인터넷경제 연구센터 위촉연구원,광주 북구,,구직 명 블록체인 개발 블록체인 경제 블록체인 하드포크 1) SW프로그래밍 제작 경험자 2) Python/C/Java/Go 프로그래밍 가능자 우대사항 ① 국가보훈대상자(취업보호대상자) 및 장애인은 관련 법령...
https://kr.indeed.com/viewjob?jk=1e974ff27c6eb340,Autonomous Driving 분야 엔지니어,서울 강남구,,"프로그래밍 기술 (C/C++, Python 등) - 이동 로봇/드론 관련... platform 개발 경험 - 뛰어난 프로그래밍 기술 (C/C++, Python) - 3D geometry, math, physics 관련 경험 및..."
https://kr.indeed.com/viewjob?jk=a90229869aac0084,new소프트웨어개발자 (신입가능),경상북도 구미,"월급 1,822,480원","직무내용] 직무내용 : C / C++ / Python 기반 응용 프로그램 개발 우대사항 : 컴퓨터 관련 전공자 *신입도 가능하니, 많은 지원바랍니다. [근무시간 및 형태] 주 5일 근무 (오전) 9시 00분~(오후) 6시..."
https://kr.indeed.com/viewjob?jk=8cc372a6b78679b1,"인공지능(AI), Python(응용프로그램 개발자) 외 신입/경력 정규직",서울 성북구,"연봉 25,000,000원 - 30,000,000원","(주)쿠노소프트 인공지능(AI), Python 외 신입/경력 정규직 채용... 래머>인공지능(AI)|인터넷·IT·통신·모바일·게임>응용프로그래머> Python|인터넷·IT·통신·모바일·게임>응용프로그래머>Visual C++(MFC..."
https://kr.indeed.com/viewjob?jk=99c7ce9aaba5ff44,new데이터서비스 개발을 위한 데이터엔지니어 모집,성남 판교역,,파일 구조 지식 보유자 우대사항 - Hadoop 및 Hive 관련 개발 경험 및 지식 보유자 우대 - Python 및 SQL 기반 데이터 분석 가능자 우대 - 데이터 관련 서비스 개발 경험 제출서류 경력기술서(필수) 전형단...
https://kr.indeed.com/viewjob?jk=25bb61733d3e363d,Embedded Software Engineer - Connected,경기도 성남,,"skills with C, C++ and other script languages (i.e. python etc..) Strong knowledge... IOT devices communication protocols..."
